pair_id,contrast_level,history_length,cost_to_go,object_location_updates,num_reversals,interference_count,object_complexity,state_visible_prompt,history_only_prompt,sv_should_be_0,sv_manual_level,ho_manual_level_rough,delta_direction_ok,complexity_order_ok_within_history_length,notes
memc-L3-low-01,low,3,2,1,0,0,1,"You are partway through a river-crossing puzzle. The boat carries the farmer and at most 2 items per crossing. The item1 and the item2 must not be left together without the farmer. The item2 and the item3 must not be left together without the farmer. Current situation -- Left bank: item1, item3. Right bank: farmer, item2. The boat is on the right bank. Find a sequence of crossings that gets everything to the right bank from here.","You are partway through a river-crossing puzzle. The boat carries the farmer and at most 2 items per crossing. The item1 and the item2 must not be left together without the farmer. The item2 and the item3 must not be left together without the farmer. Goal: get everything to the right bank. Initial state: farmer, item1, item2, and item3 start on the left bank with the boat; the right bank starts empty. Move history so far:
1. farmer with item2 crossed to the right bank.
2. farmer alone crossed to the left bank.
3. farmer alone crossed to the right bank.
Based only on the initial state and move history, infer the present configuration and find a sequence of crossings that gets everything to the right bank from here.",yes,0,1,yes,yes,Only item2 changes bank once; farmer-only crossings change boat side but add little object-memory demand.
memc-L3-medium-01,medium,3,2,4,0,0,4,"You are partway through a river-crossing puzzle. The boat carries the farmer and at most 4 items per crossing. The item1 and the item2 must not be left together without the farmer. The item1 and the item3 must not be left together without the farmer. The item1 and the item4 must not be left together without the farmer. The item1 and the item5 must not be left together without the farmer. Current situation -- Left bank: item5. Right bank: farmer, item1, item2, item3, item4. The boat is on the right bank. Find a sequence of crossings that gets everything to the right bank from here.","You are partway through a river-crossing puzzle. The boat carries the farmer and at most 4 items per crossing. The item1 and the item2 must not be left together without the farmer. The item1 and the item3 must not be left together without the farmer. The item1 and the item4 must not be left together without the farmer. The item1 and the item5 must not be left together without the farmer. Goal: get everything to the right bank. Initial state: farmer, item1, item2, item3, item4, and item5 start on the left bank with the boat; the right bank starts empty. Move history so far:
1. farmer with item1 crossed to the right bank.
2. farmer alone crossed to the left bank.
3. farmer with item2, item3, and item4 crossed to the right bank.
Based only on the initial state and move history, infer the present configuration and find a sequence of crossings that gets everything to the right bank from here.",yes,0,2,yes,yes,"Four objects are placed on the right through two object-carrying moves; no object reversals, so moderate tracking."
memc-L3-high-01,high,3,2,12,8,4,24,"You are partway through a river-crossing puzzle. The boat carries the farmer and at most 4 items per crossing. The item1 and the item2 must not be left together without the farmer. The item1 and the item3 must not be left together without the farmer. The item1 and the item4 must not be left together without the farmer. The item1 and the item5 must not be left together without the farmer. Current situation -- Left bank: item5. Right bank: farmer, item1, item2, item3, item4. The boat is on the right bank. Find a sequence of crossings that gets everything to the right bank from here.","You are partway through a river-crossing puzzle. The boat carries the farmer and at most 4 items per crossing. The item1 and the item2 must not be left together without the farmer. The item1 and the item3 must not be left together without the farmer. The item1 and the item4 must not be left together without the farmer. The item1 and the item5 must not be left together without the farmer. Goal: get everything to the right bank. Initial state: farmer, item1, item2, item3, item4, and item5 start on the left bank with the boat; the right bank starts empty. Move history so far:
1. farmer with item1, item2, item3, and item4 crossed to the right bank.
2. farmer with item1, item2, item3, and item4 crossed to the left bank.
3. farmer with item1, item2, item3, and item4 crossed to the right bank.
Based only on the initial state and move history, infer the present configuration and find a sequence of crossings that gets everything to the right bank from here.",yes,0,3,yes,yes,The same group of four objects shuttles right-left-right; final state requires tracking repeated reversals.
memc-L4-low-01,low,4,1,1,0,0,1,"You are partway through a river-crossing puzzle. The boat carries the farmer and at most 2 items per crossing. The item1 and the item2 must not be left together without the farmer. The item2 and the item3 must not be left together without the farmer. Current situation -- Left bank: farmer, item1, item3. Right bank: item2. The boat is on the left bank. Find a sequence of crossings that gets everything to the right bank from here.","You are partway through a river-crossing puzzle. The boat carries the farmer and at most 2 items per crossing. The item1 and the item2 must not be left together without the farmer. The item2 and the item3 must not be left together without the farmer. Goal: get everything to the right bank. Initial state: farmer, item1, item2, and item3 start on the left bank with the boat; the right bank starts empty. Move history so far:
1. farmer with item2 crossed to the right bank.
2. farmer alone crossed to the left bank.
3. farmer alone crossed to the right bank.
4. farmer alone crossed to the left bank.
Based only on the initial state and move history, infer the present configuration and find a sequence of crossings that gets everything to the right bank from here.",yes,0,1,yes,yes,"Only item2 changes bank once; remaining moves are farmer-only, so object memory remains low."
memc-L4-medium-01,medium,4,1,4,0,0,4,"You are partway through a river-crossing puzzle. The boat carries the farmer and at most 4 items per crossing. The item1 and the item2 must not be left together without the farmer. The item1 and the item3 must not be left together without the farmer. The item1 and the item4 must not be left together without the farmer. The item1 and the item5 must not be left together without the farmer. Current situation -- Left bank: farmer, item1. Right bank: item2, item3, item4, item5. The boat is on the left bank. Find a sequence of crossings that gets everything to the right bank from here.","You are partway through a river-crossing puzzle. The boat carries the farmer and at most 4 items per crossing. The item1 and the item2 must not be left together without the farmer. The item1 and the item3 must not be left together without the farmer. The item1 and the item4 must not be left together without the farmer. The item1 and the item5 must not be left together without the farmer. Goal: get everything to the right bank. Initial state: farmer, item1, item2, item3, item4, and item5 start on the left bank with the boat; the right bank starts empty. Move history so far:
1. farmer with item2, item3, item4, and item5 crossed to the right bank.
2. farmer alone crossed to the left bank.
3. farmer alone crossed to the right bank.
4. farmer alone crossed to the left bank.
Based only on the initial state and move history, infer the present configuration and find a sequence of crossings that gets everything to the right bank from here.",yes,0,2,yes,yes,Four objects move one-way as a group and then only farmer shuttles; more objects than low but no reversals.
memc-L4-high-01,high,4,1,16,12,4,32,"You are partway through a river-crossing puzzle. The boat carries the farmer and at most 4 items per crossing. The item1 and the item2 must not be left together without the farmer. The item1 and the item3 must not be left together without the farmer. The item1 and the item4 must not be left together without the farmer. Current situation -- Left bank: farmer, item1, item2, item3, item4. Right bank: nothing. The boat is on the left bank. Find a sequence of crossings that gets everything to the right bank from here.","You are partway through a river-crossing puzzle. The boat carries the farmer and at most 4 items per crossing. The item1 and the item2 must not be left together without the farmer. The item1 and the item3 must not be left together without the farmer. The item1 and the item4 must not be left together without the farmer. Goal: get everything to the right bank. Initial state: farmer, item1, item2, item3, and item4 start on the left bank with the boat; the right bank starts empty. Move history so far:
1. farmer with item1, item2, item3, and item4 crossed to the right bank.
2. farmer with item1, item2, item3, and item4 crossed to the left bank.
3. farmer with item1, item2, item3, and item4 crossed to the right bank.
4. farmer with item1, item2, item3, and item4 crossed to the left bank.
Based only on the initial state and move history, infer the present configuration and find a sequence of crossings that gets everything to the right bank from here.",yes,0,3,yes,yes,Four objects shuttle right-left-right-left; the final state depends on parity/reversal tracking.
memc-L5-low-01,low,5,2,1,0,0,1,"You are partway through a river-crossing puzzle. The boat carries the farmer and at most 2 items per crossing. The item1 and the item2 must not be left together without the farmer. The item2 and the item3 must not be left together without the farmer. Current situation -- Left bank: item1, item3. Right bank: farmer, item2. The boat is on the right bank. Find a sequence of crossings that gets everything to the right bank from here.","You are partway through a river-crossing puzzle. The boat carries the farmer and at most 2 items per crossing. The item1 and the item2 must not be left together without the farmer. The item2 and the item3 must not be left together without the farmer. Goal: get everything to the right bank. Initial state: farmer, item1, item2, and item3 start on the left bank with the boat; the right bank starts empty. Move history so far:
1. farmer with item2 crossed to the right bank.
2. farmer alone crossed to the left bank.
3. farmer alone crossed to the right bank.
4. farmer alone crossed to the left bank.
5. farmer alone crossed to the right bank.
Based only on the initial state and move history, infer the present configuration and find a sequence of crossings that gets everything to the right bank from here.",yes,0,1,yes,yes,Only item2 changes bank once; extra farmer-only moves should not increase object-memory level much.
memc-L5-medium-01,medium,5,2,4,0,0,4,"You are partway through a river-crossing puzzle. The boat carries the farmer and at most 4 items per crossing. The item1 and the item2 must not be left together without the farmer. The item1 and the item3 must not be left together without the farmer. The item1 and the item4 must not be left together without the farmer. The item1 and the item5 must not be left together without the farmer. Current situation -- Left bank: item5. Right bank: farmer, item1, item2, item3, item4. The boat is on the right bank. Find a sequence of crossings that gets everything to the right bank from here.","You are partway through a river-crossing puzzle. The boat carries the farmer and at most 4 items per crossing. The item1 and the item2 must not be left together without the farmer. The item1 and the item3 must not be left together without the farmer. The item1 and the item4 must not be left together without the farmer. The item1 and the item5 must not be left together without the farmer. Goal: get everything to the right bank. Initial state: farmer, item1, item2, item3, item4, and item5 start on the left bank with the boat; the right bank starts empty. Move history so far:
1. farmer with item1 crossed to the right bank.
2. farmer alone crossed to the left bank.
3. farmer alone crossed to the right bank.
4. farmer alone crossed to the left bank.
5. farmer with item2, item3, and item4 crossed to the right bank.
Based only on the initial state and move history, infer the present configuration and find a sequence of crossings that gets everything to the right bank from here.",yes,0,2,yes,yes,Objects are moved in two one-way batches with intervening farmer-only moves; moderate object-location bookkeeping.
memc-L5-high-01,high,5,2,20,16,4,40,"You are partway through a river-crossing puzzle. The boat carries the farmer and at most 4 items per crossing. The item1 and the item2 must not be left together without the farmer. The item1 and the item3 must not be left together without the farmer. The item1 and the item4 must not be left together without the farmer. The item1 and the item5 must not be left together without the farmer. Current situation -- Left bank: item5. Right bank: farmer, item1, item2, item3, item4. The boat is on the right bank. Find a sequence of crossings that gets everything to the right bank from here.","You are partway through a river-crossing puzzle. The boat carries the farmer and at most 4 items per crossing. The item1 and the item2 must not be left together without the farmer. The item1 and the item3 must not be left together without the farmer. The item1 and the item4 must not be left together without the farmer. The item1 and the item5 must not be left together without the farmer. Goal: get everything to the right bank. Initial state: farmer, item1, item2, item3, item4, and item5 start on the left bank with the boat; the right bank starts empty. Move history so far:
1. farmer with item1, item2, item3, and item4 crossed to the right bank.
2. farmer with item1, item2, item3, and item4 crossed to the left bank.
3. farmer with item1, item2, item3, and item4 crossed to the right bank.
4. farmer with item1, item2, item3, and item4 crossed to the left bank.
5. farmer with item1, item2, item3, and item4 crossed to the right bank.
Based only on the initial state and move history, infer the present configuration and find a sequence of crossings that gets everything to the right bank from here.",yes,0,3,yes,yes,Four objects shuttle repeatedly across five moves; final locations require maintaining repeated object reversals.
